Month,Apr'25,,,,,,,,,,May'25,,,,,,,,,,Jun'25,,,,,,,,,,Quarter 1 (April 25 - June 25) (Yet to Update),,,,,,,,,,July'25,,,,,,,,,,Aug'25,,,,,,,,,,Sep'25,,,,,,,,,,Oct'25,,,,,,,,,,Nov'25,,,,,,,,,,Dec'25,,,,,,,,,
Zone,Delhi,Gurgaon,Pune,Nagpur,Mauda,Gadarwara,Bangalore,Kolkata,Garo,UPAY   Total,Delhi,Gurgaon,Pune,Nagpur,Mauda,Gadarwara,Bangalore,Kolkata,Garo,UPAY Average,Delhi,Gurgaon,Pune,Nagpur,Mauda,Gadarwara,Bangalore,Kolkata,Garo,UPAY Average,Delhi,Gurgaon,Pune,Nagpur,Mauda,Gadarwara,Bangalore,Kolkata,Garo,UPAY Average,Delhi,Gurgaon,Pune,Nagpur,Mauda,Gadarwara,Bangalore,Kolkata,Garo,UPAY Average,Delhi,Gurgaon,Pune,Nagpur,Mauda,Gadarwara,Bangalore,Kolkata,Garo,UPAY Average,Delhi,Gurgaon,Pune,Nagpur,Mauda,Gadarwara,Bangalore,Kolkata,Garo,UPAY Average,Pune,Nagpur,Mauda,Gadarwara,Kolkata,Delhi,Gurgaon,Bangalore,Garo,UPAY Average,Pune,Nagpur,Mauda,Gadarwara,Kolkata,Delhi,Gurgaon,Bangalore,Garo,UPAY Summary,Pune,Nagpur,Mauda,Gadarwara,Kolkata,Delhi,Gurgaon,Bangalore,Garo,UPAY Summary
Common,,,,,,,,,,,,,,,,,,,,,,,,,,,,,,,,,,,,,,,,,,,,,,,,,,,,,,,,,,,,,,,,,,,,,,,,,,,,,,,,,,,,,,,,,,,,,,,,,,,,
Average Students/Teacher (Ratio),9,16,6,6,6,10,8,#DIV/0!,8,59,5,16,12,9,0,20,12,15,8,11,6,10,5,5,12,26,6,,7,10,6,10,8,,6,18,8,,7,,10,11,12,6,10,13,11,11,6,10,15,13,10,7,11,10,8,10,7,10,9,18,7,6,11,5,9,15,6,,6,5,10,7,15,10,15,9,4,9,6,6,11,11,13,9,15,10,6,10,7,5,12,11,10,11,16,12,3,10
No of Working Days,27,18,21,23,24,17,18,,17,21,24,25,3,12,0,18,5,,16,13,24,17,19,12,9,20,21,,17,17,25,171,14,15,11,18,14,,17,,23,25,24,24,27,20,24,22,26,24,17,23,20,22,26,23,25,15,25,22,24,23,23,23,30,25,23,16,23,,19,16,17,20,14,21,18,22,20,19,23,24,26,25,22,24,23,24,20,23,16,25,25,24,16,21,23,24,11,21
Total Center Operating Time (hrs),162,177,167,44,434,146,57,,68,1255,162,278,27,22,1,158,14,,64,726,146,218,158,22,143,163,60,,66,975,470,394,352,87,578,467,131,,198,,151,258,160,45,511,134,72,64,102,166,151,243,182,359,590,227,39,27,102,1920,198,344,243,370,630,206,40,33,90,,193,252,320,155,28,163,90,122,78,1401,235,367,567,235,24,194,285,75,74,2056,159,410,623,201,33,128,281,76,44,1955
Monthly Student Count (Monthly Attendance >0 ),100,150,76,23,450,64,59,,42,964,78,107,58,31,1,58,51,,31,415,87,110,77,13,321,112,56,,39,815,265,458,211,67,772,234,166,,112,,76,195,80,28,510,86,63,30,50,124,79,200,103,224,669,119,43,14,60,1511,109,237,92,243,646,96,42,16,48,,118,229,492,112,14,89,65,127,41,1287,102,211,614,113,15,125,175,91,45,166,85,219,577,143,15,38,216,86,18,1397
Monthly Average Student Strength,60,127,58,18,317,48,31,,30,689,26,160,63,18,1,64,31,,32,395,30,148,64,14,355,95,34,,26,766,39,64,62,17,224,69,32,,29,,64,170,69,23,387,69,51,11,41,98,75,144,96,190,490,103,33,10,42,1183,65,181,81,162,455,96,35,15,24,,70,153,357,85,15,20,53,28,9,88,84,163,429,111,13,69,168,66,15,124,62,155,440,98,10,26,58,36,6,891
Average Student's Attendance (%),25%,68%,53%,55%,64%,67%,44%,,34%,51%,50%,,71%,67%,14%,73%,57%,,41%,53%,48%,70%,46%,58%,55%,73%,53%,,49%,56%,41%,29%,56%,60%,44%,71%,51%,,41%,,57%,72%,42%,66%,77%,51%,,48%,39%,56%,51%,63%,70%,57%,71%,55%,77%,34%,43%,58%,51%,61%,63%,52%,73%,49%,79%,44%,32%,,212%,59%,72%,51%,33%,46%,67%,76%,40%,1,61%,62%,71%,58%,40%,54%,69%,73%,31%,57%,65%,62%,75%,49%,30%,51%,66%,72%,58%,59%
Students Drop out (%),14%,2%,17%,32%,7%,46%,36%,,28%,23%,28%,9%,42%,20%,78%,50%,42%,,30%,,16%,10%,25%,40%,24%,15%,39%,,28%,25%,19%,47%,28%,31%,36%,37%,39%,,29%,,29%,10%,35%,33%,3%,38%,0%,39%,24%,23%,29%,12%,29%,28%,6%,26%,12%,38%,13%,21%,33%,7%,30%,26%,3%,39%,0%,29%,40%,,28%,29%,8%,31%,38%,33%,14%,8%,52%,27%,30%,38%,13%,32%,25%,23%,10%,3%,46%,24%,1%,36%,2%,38%,33%,33%,32%,0%,61%,26%
Average Students Performance test in Academics ( % ),38%,70%,52%,,0%,31%,76%,56%,21%,43%,58%,67%,28%,31%,11%,34%,64%,53%,42%,43%,31%,72%,26%,45%,20%,55%,47%,,29%,41%,43%,84%,35%,38%,10%,40%,63%,,31%,,47%,72%,31%,42%,52%,46%,3%,56%,78%,47%,56%,67%,63%,49%,53%,56%,86%,65%,63%,62%,50%,71%,57%,30%,47%,53%,87%,64%,39%,,52%,49%,60%,44%,60%,39%,59%,51%,70%,54%,48%,49%,47%,50%,72%,61%,74%,53%,70%,58%,#DIV/0!,30%,41%,46%,79%,58%,37%,53%,61%,#DIV/0!
Average Students Performance in Values( % ),27%,91%,67%,51%,71%,71%,70%,,29%,60%,49%,91%,67%,11%,68%,27%,70%,21%,0%,45%,49%,91%,59%,11%,71%,27%,70%,,0%,47%,42%,1030%,64%,24%,70%,41%,70%,,10%,,0%,0%,0%,0%,0%,0%,0%,0%,0%,0%,0%,0%,0%,0%,29%,0%,0%,0%,0%,3%,68%,89%,51%,61%,84%,71%,0,45%,78%,,NA,NA,NA,NA,NA,NA,NA,NA,NA,NA,NA,NA,NA,NA,NA,NA,NA,NA,NA,NA,#DIV/0!,62%,82%,66%,72%,65%,89%,90%,80%,#DIV/0!
Monthly Volunteers Count (Monthly attendance>0),14,9,9,5,47,10,7,,4,105,20,16,10,4,44,11,6,,4,14,20,14,15,3,42,17,10,,5,16,18,11,11,4,44,13,8,,4,,18,12,17,5,42,15,6,3,8,14,13,20,19,46,52,19,7,2,9,187,10,16,18,42,55,18,6,4,10,,22,45,48,17,2,11,8,19,7,179,22,52,52,17,2,15,24,12,5,201,16,55,49,14,2,14,19,12,6,187
Monthly Average Volunteers Strength,7,8,10,3,52,5,4,,4,12,7,10,7,3,6,4,3,,4,6,6,15,13,3,32,4,6,,4,10,7,3,10,3,30,4,4,,4,,6,15,9,4,39,7,5,1,7,10,5,11,10,28,44,10,4,1,6,119,7,5,12,27,42,18,4,1,2,,11,30,4,13,1,2,4,3,2,8,13,28,42,10,1,7,12,7,3,123,9,29,44,9,1,2,4,3,2,103
Average Volunteer's  Attendance (%),50%,44%,29%,68%,78%,62%,76%,,92%,62%,54%,60%,72%,80%,67%,55%,36%,,101%,66%,54%,42%,60%,75%,65%,58%,50%,,80%,60%,52%,15%,54%,74%,70%,58%,54%,,91%,,54%,35%,62%,68%,,39%,42%,53%,65%,52%,85%,57%,55%,64%,83%,46%,56%,67%,68%,64%,41%,62%,61%,56%,78%,84%,75%,52%,38%,,50%,60%,78%,54%,64%,52%,52%,56%,64%,59%,54%,51%,75%,70%,61%,48%,56%,52%,67%,59%,#DIV/0!,57%,87%,72%,59%,60%,55%,56%,76%,#DIV/0!
No Community Volunteers,0,0,2,0,36,0,1,,0,5,0,0,4,0,36,0,1,,0,5,0,0,3,0,36,0,1,,0,5,0,1,3,0,36,0,1,,0,,0,0,3,0,0,0,0,0,0,0,0,0,2,0,0,0,0,0,2,4,0,0,2,0,0,0,0,0,2,,2,0,0,0,0,0,0,0,1,3,3,0,0,0,0,0,0,0,1,4,3,0,0,0,0,0,0,0,1,4
Community visits of volunteers,5,6,6,12,3,4,0,54,0,10,13,4,3,15,0,4,1,58,0,11,12,0,15,6,11,120,1,,0,21,10,2,8,11,5,43,1,,0,,20,0,1,7,3,3,0,0,0,4,18,0,12,85,3,30,0,2,0,150,39,13,7,37,1,5,0,5,4,,20,31,0,0,3,28,7,0,21,110,21,99,12,0,2,95,18,0,0,247,8,165,13,0,8,45,25,4,0,268
No of Visits at the Center (By External/Internal Members),0,0,1,0,1,1,0,,0,0,0,0,1,0,0,1,1,,0,0,0,0,3,0,1,1,1,,0,1,0,0,2,0,0,1,0,,0,,1,1,2,3,5,11,4,10,5,5,0,0,4,18,81,18,0,10,5,136,2,2,29,27,96,23,2,6,16,,14,13,4,27,12,0,3,13,8,94,30,54,6,32,13,0,6,13,0,154,17,63,116,30,7,0,4,11,14,262
Quarterly Improvement(%),0%,0%,0%,0%,,0%,0%,,5000%,714%,0%,0%,0%,0%,,0%,0%,,5000%,714%,0%,0%,0%,0%,,0%,0%,,5000%,714%,0%,180589%,0%,0%,#DIV/0!,0%,0%,,5000%,,0%,0%,0%,0%,0%,0%,0%,0%,5000%,556%,0%,0%,0%,698%,0%,0%,0%,0%,0%,78%,0%,0%,0%,674%,0%,0%,0%,0%,0%,,51%,651%,40%,-34%,0%,-1%,-5%,0%,129%,92%,NA,NA,NA,NA,NA,NA,NA,NA,NA,NA,-12%,6%,-15%,-1%,4%,23%,2%,13%,-23%,NA
Monthly Expenditure (INR),0,1779,0,0,,0,0,,0,1779,0,1518,0,0,,0,0,,0,1518,2098,3900,0,0,,0,0,,2515,8513,2098,1779,0,0,0,0,0,,2515,,0,5250,0,0,0,0,0,1092,0,705,0,0,0,0,0,0,0,460,0,460,1200,0,0,0,0,0,0,516,0,,0,0,0,0,482,3400,0,0,0,3882,0,0,2507,0,13315,1450,13940,13000,0,44212,11627,7500,6915,2700,800,17708,13840,13000,4694,78784
,,,,0,,,,,,,,,,,,,,,,,,,,,,,,,,,,,,,,,,,,,,,,,,,,,,,,,,,,,,,,,,,,,,,,,,,,,,,,,,,,,,,,,,,,,,,,,,,,,,,,
Studnets Enrolled in NIOS (%),0%,0%,0%,0%,,0%,0%,0%,0%,0%,0%,,0%,0%,,0%,0%,0%,0%,0%,0%,0%,0%,0%,,0%,0%,0%,0%,0%,0%,0%,0%,0%,#DIV/0!,0%,0%,,0%,,0%,,0%,0%,,0%,0%,0%,0%,0%,0%,0%,0%,0%,0%,0%,0%,0%,0%,0%,0%,0%,0%,0%,0%,0%,0%,0%,0%,,0%,0%,0,0%,0%,0%,0%,0%,0%,0%,0%,0%,0%,0%,0%,0%,0%,0%,0%,0%,0%,0%,0%,0%,0%,0%,0,0%,0%,0%
Out of school children(%),0%,0%,0%,0%,,0%,1%,0%,0%,1%,0%,,0%,0%,,0%,1%,0%,0%,1%,0%,0%,0%,0%,,0%,1%,0%,0%,1%,0%,0%,0%,0%,#DIV/0!,0%,1%,,0%,,0%,,0%,0%,,0%,1%,0%,0%,0%,0%,49%,0%,0%,0%,24%,2%,0%,0%,9%,42%,60%,0%,0%,0%,24%,2%,11%,0%,,0%,0%,0,1%,11%,37%,49%,1%,0%,11%,0%,0%,0%,1%,11%,37%,49%,1%,0%,11%,0%,0%,0%,1%,11%,37%,50%,1%,0%,11%
Children enrolled in Formal School(%),0%,0%,0%,0%,,0%,99%,0%,0%,99%,0%,0%,0%,0%,,0%,99%,0%,0%,99%,0%,0%,0%,0%,,0%,99%,0%,0%,99%,0%,0%,0%,0%,#DIV/0!,0%,99%,,0%,,0%,,0%,0%,0%,0%,99%,0%,0%,12%,100%,51%,100%,100%,100%,76%,98%,100%,100%,92%,59%,40%,0%,88%,100%,76%,98%,89%,50%,,0%,88%,100%,99%,89%,64%,51%,99%,100%,76%,0%,88%,100%,99%,89%,64%,51%,99%,100%,76%,100%,100%,100%,99%,89%,64%,50%,99%,100%,89%
Health Check up camp,0,0,0,0,,1,0,0,0,1,0,,0,0,,0,32,0,0,32,0,0,0,0,,0,32,0,0,32,0,0,0,0,#DIV/0!,0,21,,0,,0,,0,0,,0,0,0,0,0,0,0,0,0,0,0,0,0,0,0,0,0,0,0,0,0,0,0,0,,0,0,0,0,0,0,0,0,0,0,0,0,0,0,0,0,0,0,0,0,0,0,0,0,0,0,0,0,0,0
No of Meals,0,0,0,0,,0,0,0,0,0,0,0,0,0,,0,0,0,0,0,0,0,0,0,,0,0,0,0,0,0,0,0,0,#DIV/0!,0,0,,0,,0,,0,0,,0,0,0,0,0,0,0,0,8,0,0,0,0,0,1,0,0,0,0,0,0,0,0,0,,0,0,0,0,0,0,0,0,0,0,0,0,0,0,0,0,0,0,0,0,0,0,0,0,0,0,0,0,0,0
,,,,0,,,,,,,,,,,,,,,,,,,,,,,,,,,,,,,,,,,,,,,,,,,,,,,,,,,,,,,,,,,,,,,,,,,,,,,,,,,,,,,,,,,,,,,,,,,,,,,,
Self Help Groups(number),0,0,0,0,,0,3,0,0,3,0,,0,0,,0,3,0,0,3,0,0,0,0,,0,3,0,0,3,0,0,0,0,#DIV/0!,0,3,,0,,0,,0,0,,0,3,0,0,0,0,0,0,0,0,0,0,0,0,0,0,0,0,0,0,0,0,0,1,,0,0,0,0,0,0,0,0,0,0,0,0,0,0,0,0,0,1,0,1,0,0,0,0,0,0,0,0,0,0
Students placed,0%,0%,0%,0%,,0%,0%,0%,0%,0%,0%,,0%,0%,,0%,0%,0%,0%,0%,0%,0%,0%,0%,,0%,0%,0%,0%,0%,0%,0%,0%,0%,#DIV/0!,0%,0%,,0%,,0%,,0%,0%,,0%,0%,0%,0%,0%,0%,0%,0%,0%,0%,0%,0%,0%,0%,0%,0%,0%,0%,0%,0%,0%,0%,0%,0%,,0,0,0,1,0,0,0,0,0,1,0,0,0,0,0,0,0,0,0,0,0,0,0,0,0,0,0,0,0,0
No of external Schoalrship,0,0,0,0,,0,1,0,0,1,0,,0,0,,0,1,0,0,1,0,0,0,0,,0,1,0,0,1,0,0,0,0,#DIV/0!,0,1,,0,,0,,0,0,,0,1,0,0,0,0,0,0,0,0,0,0,0,0,0,0,0,0,0,0,2,1,0,0,,0,0,0,2,0,0,0,0,0,2,2,0,0,2,0,0,0,1,0,5,6,0,0,2,0,0,0,1,0,9
No of students pursuing graduation,0,0,0,0,,0,4,0,0,4,0,,0,0,,0,4,0,0,4,0,0,0,0,,0,4,0,0,4,0,0,0,0,#DIV/0!,0,4,,0,,0,,0,0,,0,4,0,0,1,0,0,0,0,0,0,0,0,0,0,0,0,0,0,0,5,0,0,0,,0,0,0,5,0,0,0,2,0,7,2,0,0,11,0,0,0,7,0,20,3,0,19,11,0,0,0,7,0,40
Students Scored higher than 60% marks in 10th,0,0,0,0,,0,3,0,0,3,0,,0,0,,0,3,0,0,3,0,0,0,0,,0,3,0,0,3,0,0,0,0,#DIV/0!,0,3,,0,,0,,0,0,,0,3,0,0,0,1,0,3,15,20,8,0,0,0,47,1,0,0,0,20,8,0,0,0,,0,0,0,8,0,1,0,0,0,9,3,0,20,8,0,2,0,0,0,33,3,0,20,8,0,2,0,0,0,33
Students Scored higher than 60% marks in 12th,0,0,0,0,,0,3,0,0,3,0,,0,0,,0,3,0,0,3,0,0,0,0,,0,3,0,0,3,0,0,0,0,#DIV/0!,0,3,,0,,0,,0,0,,0,3,0,0,0,0,0,1,0,12,2,0,0,0,15,0,0,0,0,12,2,0,0,0,,0,0,0,2,0,0,0,0,0,2,1,0,1,2,0,0,0,0,0,4,1,0,12,2,0,0,0,0,0,15
Students enrolled in Library (number),0,0,0,0,,0,0,0,0,0,0,,0,0,,0,0,0,0,0,0,0,0,0,,0,0,0,0,0,0,0,0,0,#DIV/0!,0,0,,0,,0,,0,0,,0,0,0,0,0,0,0,0,0,80,0,0,0,0,80,0,0,0,0,81,0,0,0,0,,0,0,38,0,0,0,0,0,0,38,NA,16,97,NA,NA,NA,NA,NA,NA,113,NA,15,97,NA,NA,NA,NA,NA,NA,112
Students Enrolled in career Oriented Courses,0,0,0,0,,0,0,0,1,1,0,,0,0,,0,0,0,0,0,0,0,0,0,,0,0,0,0,0,0,0,0,0,#DIV/0!,0,0,,0,,0,,0,0,,0,0,0,0,0,0,0,0,0,0,0,0,0,0,0,0,0,0,0,0,0,0,0,0,,0,0,0,0,0,0,0,0,0,0,0,0,0,0,0,0,0,0,0,0,0,0,0,0,0,0,0,0,0,0
Students representative district in Sports (number),0,0,0,,,0,0,0,0,0,0,,0,0,,0,0,0,0,0,0,0,0,0,,0,0,0,0,0,0,0,0,0,#DIV/0!,0,0,,0,,0,,0,0,,0,0,0,0,0,0,0,0,0,0,0,0,0,0,0,0,0,0,0,0,0,0,0,0,,0,0,0,0,0,0,0,0,0,0,0,0,0,0,0,0,0,0,0,0,0,0,0,0,0,0,0,0,0,0
Students Cleared Comptitive Examination(Number),0,0,0,0,,0,0,0,0,0,0,,0,0,,0,0,0,0,0,0,0,0,0,,0,0,0,0,0,0,2,0,0,#DIV/0!,0,0,,0,,0,,0,0,,0,0,0,0,0,0,0,0,0,0,0,0,0,0,0,0,0,0,0,0,0,0,0,0,,0,0,0,0,0,0,0,0,0,0,0,0,0,0,0,0,0,0,0,0,0,0,0,0,0,0,0,0,0,0
Monthly activities (No of Centers),3,3,4,7,11,3,2,1,2,36,3,3,4,7,11,3,2,1,2,36,3,3,4,7,11,3,2,1,2,36,,,,,,,,,,,3,3,4,8,11,3,2,1,2,37,3,3,4,8,11,3,2,1,2,37,3,3,4,8,11,3,3,1,2,,4,8,8,3,1,3,3,2,2,,4,8,9,3,1,3,3,2,2,,4,8,9,3,1,3,3,2,2,
Center Monthly Report Completion (%),100%,100%,100%,71%,0%,100%,100%,100%,50%,80%,100%,100%,100%,0%,0%,100%,100%,100%,50%,72%,100%,100%,100%,0%,0%,100%,100%,100%,50%,72%,100%,89%,100%,24%,0%,100%,100%,,50%,,100%,33%,100%,0%,0%,67%,0%,100%,50%,50%,100%,100%,100%,100%,100%,100%,50%,100%,100%,94%,100%,100%,100%,100%,100%,100%,50%,100%,100%,,100%,100%,100%,67%,100%,100%,100%,100%,100%,96%,100%,100%,91%,67%,100%,100%,100%,100%,100%,95%,75%,100%,100%,100%,100%,100%,100%,100%,100%,97%
Monthly test conduct (%),67%,100%,100%,57%,82%,67%,50%,0%,50%,64%,67%,100%,75%,0%,0%,67%,0%,100%,50%,51%,33%,67%,100%,0%,27%,100%,0%,100%,50%,53%,56%,89%,92%,19%,36%,78%,17%,,50%,,100%,33%,100%,0%,82%,100%,50%,0%,50%,57%,100%,100%,100%,88%,82%,100%,50%,100%,100%,91%,100%,100%,100%,100%,64%,100%,100%,100%,100%,,100%,75%,100%,100%,100%,100%,100%,67%,100%,94%,100%,88%,64%,100%,100%,100%,100%,100%,100%,95%,100%,88%,64%,100%,100%,100%,100%,100%,100%,95%
Volunteers Meeting (%),0%,100%,25%,29%,64%,100%,0%,0%,0%,35%,0%,100%,75%,13%,0%,67%,0%,0%,0%,28%,33%,67%,0%,71%,0%,100%,0%,0%,0%,30%,11%,89%,33%,38%,21%,89%,0%,,0%,,100%,33%,50%,100%,82%,33%,50%,0%,0%,50%,33%,100%,25%,75%,73%,100%,100%,100%,100%,78%,0%,100%,75%,50%,64%,100%,100%,0%,0%,,50%,50%,56%,100%,0%,100%,100%,67%,0%,58%,75%,50%,73%,100%,100%,100%,100%,100%,0%,78%,25%,75%,45%,100%,100%,100%,100%,0%,0%,61%
Parents Meeting(%),33%,100%,75%,14%,73%,0%,50%,0%,0%,38%,67%,100%,75%,0%,0%,0%,0%,100%,0%,38%,100%,67%,50%,57%,36%,33%,100%,100%,0%,60%,67%,89%,67%,24%,36%,11%,50%,,0%,,67%,33%,50%,88%,64%,67%,50%,0%,0%,46%,67%,100%,50%,63%,73%,0%,0%,100%,0%,50%,100%,100%,50%,50%,64%,0%,100%,700%,0%,,75%,25%,67%,0%,300%,100%,100%,67%,0%,81%,100%,63%,82%,33%,100%,100%,100%,50%,0%,70%,25%,38%,82%,100%,100%,100%,100%,50%,0%,66%
Balsabha (%),100%,100%,75%,57%,73%,33%,100%,100%,0%,71%,100%,100%,75%,0%,0%,33%,50%,100%,0%,51%,100%,67%,50%,14%,45%,33%,0%,100%,50%,51%,100%,89%,67%,24%,39%,33%,50%,,17%,,100%,33%,100%,88%,82%,100%,100%,0%,50%,73%,100%,100%,100%,75%,64%,100%,50%,100%,100%,88%,100%,100%,100%,75%,64%,100%,100%,0%,0%,,100%,63%,67%,100%,100%,100%,100%,100%,100%,92%,100%,75%,64%,100%,100%,100%,100%,100%,50%,88%,75%,63%,73%,0%,100%,100%,100%,100%,0%,68%
Game and Sports (%),100%,100%,75%,43%,73%,100%,100%,100%,100%,88%,100%,100%,25%,0%,0%,100%,100%,100%,100%,69%,67%,67%,25%,29%,0%,100%,100%,100%,50%,60%,89%,89%,42%,24%,24%,100%,100%,,83%,,100%,33%,75%,25%,82%,100%,100%,0%,100%,68%,100%,33%,100%,75%,91%,100%,50%,100%,100%,83%,100%,100%,50%,88%,100%,100%,100%,100%,100%,,100%,75%,78%,100%,100%,100%,100%,100%,100%,95%,75%,75%,82%,100%,0%,100%,100%,100%,100%,81%,75%,75%,91%,100%,100%,100%,100%,100%,100%,93%
Activity Logs Completion,67%,100%,75%,43%,73%,100%,100%,0%,50%,67%,33%,100%,75%,13%,0%,67%,100%,0%,50%,49%,67%,67%,75%,29%,82%,100%,50%,0%,100%,63%,56%,67%,75%,28%,52%,89%,83%,,67%,,100%,33%,100%,75%,73%,67%,0%,100%,100%,72%,100%,100%,100%,100%,100%,100%,50%,100%,100%,94%,100%,100%,100%,63%,100%,100%,100%,100%,100%,,75%,75%,89%,100%,100%,100%,100%,100%,100%,93%,100%,88%,91%,100%,100%,100%,100%,100%,100%,98%,75%,100%,91%,100%,100%,100%,100%,100%,100%,96%
SPR Completion (%),100%,67%,25%,71%,45%,67%,50%,0%,50%,53%,67%,33%,25%,13%,0%,67%,0%,0%,50%,28%,100%,67%,100%,71%,0%,100%,0%,0%,50%,54%,89%,189%,50%,52%,15%,78%,17%,,50%,,100%,33%,100%,88%,82%,100%,0%,100%,100%,78%,100%,100%,100%,88%,100%,100%,0%,100%,100%,88%,100%,100%,75%,88%,164%,100%,50%,0%,100%,,100%,100%,100%,100%,100%,100%,100%,67%,100%,96%,100%,100%,109%,100%,100%,100%,100%,100%,100%,101%,75%,100%,82%,100%,100%,67%,100%,100%,100%,91%
Home Visits (Numbers),3,3,2,1,9,3,0,1,0,2,3,3,1,1,0,2,0,1,0,1,2,2,3,0,1,1,0,1,0,1,3,1,2,1,3,2,0,,0,,1,1,0,1,1,0,0,0,0,4,18,3,12,85,11,30,0,28,0,187,3,3,10,9,18,5,0,1,3,,3,6,1,0,1,2,7,0,1,21,3,7,0,1,1,1,10,0,1,23,2,8,0,1,0,1,9,1,0,22
Seva day (Number),0%,0%,0%,57%,200%,0%,0%,0%,0%,29%,0%,0%,0%,100%,0%,0%,0%,0%,0%,11%,0%,0%,200%,86%,100%,0%,0%,0%,0%,43%,0%,33%,67%,81%,100%,0%,0%,,0%,,0%,0%,0%,88%,33%,0%,0%,0%,0%,121%,0%,0%,0%,0%,0%,0%,0%,0%,0%,0%,0%,3800%,100%,300%,0%,0%,0%,0%,0%,,0%,200%,0%,0%,100%,0%,0%,0%,0%,3,0%,100%,111%,0%,100%,50%,0%,0%,0%,0,100%,100%,0%,0%,0%,50%,33%,0%,0%,31%
Spardha Conduct (Q) (%),0%,300%,0%,43%,0%,0%,0%,0%,0%,38%,0%,100%,0%,100%,0%,0%,0%,0%,0%,22%,0%,0%,0%,57%,0%,0%,0%,0%,0%,6%,0%,200%,0%,67%,0%,0%,0%,,0%,,0%,0%,0%,75%,0%,0%,0%,0%,0%,8%,0%,0%,0%,0%,36%,0%,0%,100%,100%,26%,50%,100%,0%,88%,82%,100%,100%,100%,100%,,0%,0%,0%,0%,0%,0%,0%,33%,0%,4%,75%,100%,0%,100%,100%,50%,100%,50%,50%,69%,0%,0%,0%,0%,0%,0%,0%,0%,0%,0%
Centralized test (Q) (%),0,3,0,0,0,0,0,0,0,0,0,1,0,0,0,0,0,0,0,0,0,2,4,0,0,0,1,0,0,1,0,2,1,0,0,0,0,,0,,0%,100%,75%,88%,0%,33%,0%,0%,0%,33%,0%,0%,0%,0%,79%,0%,0%,0%,0%,9%,100%,100%,75%,88%,86%,100%,100%,100%,100%,,50%,0%,0%,0%,100%,0%,0%,33%,0%,20%,NA,NA,NA,NA,NA,NA,NA,NA,NA,NA,100%,100%,100%,100%,100%,100%,100%,100%,100%,100%
Syllabus completion( %),0%,100%,75%,43%,0%,67%,100%,0%,50%,48%,0%,100%,75%,0%,0%,67%,0%,0%,50%,32%,0%,67%,100%,0%,0%,100%,0%,0%,50%,35%,0%,33%,83%,14%,0%,78%,33%,,50%,,0%,100%,75%,13%,0%,33%,0%,100%,50%,41%,0%,0%,100%,25%,18%,87%,0%,50%,100%,42%,70%,97%,50%,50%,36%,93%,80%,80%,55%,,100%,0%,0%,52%,89%,78%,87%,42%,90%,60%,48%,270%,0%,45%,97%,85%,98%,90%,95%,92%,80%,70%,78%,61%,96%,85%,100%,96%,50%,79%
IMC Visits (Q) (%),0%,0%,0%,43%,900%,0%,0%,0%,0%,105%,0%,0%,0%,0%,0%,0%,0%,0%,0%,0%,0%,0%,0%,0%,0%,0%,0%,0%,0%,0%,0%,67%,0%,14%,300%,0%,0%,,0%,,0%,0%,25%,0%,82%,0%,0%,0%,0%,12%,0%,0%,0%,50%,45%,0%,0%,0%,0%,11%,50%,100%,0%,25%,0%,100%,100%,100%,0%,,0%,0%,0%,0%,0%,0%,0%,33%,100%,15%,0%,900%,0%,0%,0%,0%,0%,0%,100%,111%,0%,100%,0%,100%,100%,67%,67%,100%,100%,70%
PMC  Visits (Q) (%),0%,0%,0%,14%,0%,0%,0%,,0%,2%,0%,100%,0%,0%,0%,0%,0%,,0%,13%,0%,100%,0%,14%,0%,0%,0%,0%,0%,13%,0%,67%,0%,10%,0%,0%,0%,,0%,,0%,100%,0%,50%,0%,0%,0%,0%,0%,17%,0%,0%,0%,13%,0%,0%,0%,0%,0%,1%,50%,100%,0%,88%,0%,100%,100%,100%,0%,,0%,0%,0%,0%,0%,0%,0%,33%,100%,15%,0%,38%,0%,0%,0%,0%,0%,0%,100%,15%,0%,100%,0%,100%,100%,67%,67%,100%,100%,70%
LMC Visits (Q) (%),0%,100%,0%,0%,0%,0%,0%,,0%,13%,0%,100%,0%,0%,0%,0%,0%,,0%,13%,0%,100%,0%,14%,0%,0%,0%,0%,0%,13%,0%,133%,0%,5%,0%,0%,0%,,0%,,0%,100%,0%,63%,0%,33%,0%,0%,0%,22%,0%,0%,0%,0%,0%,0%,0%,0%,0%,0%,0%,0%,0%,0%,0%,0%,0%,0%,0%,,0%,0%,0%,0%,0%,0%,0%,0%,0%,0%,NA,0%,0%,NA,NA,NA,NA,NA,NA,0%,NA,0%,0%,NA,NA,NA,NA,NA,NA,0%
Monthly Sanitary pad distributed(Number),0,3,0,0,0,1,1,0,0,1,2,2,0,0,0,1,1,1,0,1,0,1,2,0,0,1,1,1,0,1,1,1,1,0,0,1,1,,0,,0,1,0,0,0,0,0,1,0,0,0,5,0,0,0,84,0,0,0,89,0,22,0,1,0,30,0,2,0,,0,0,0,50,1,0,18,84,0,153,128,17,0,13,1,0,24,0,0,183,30,6,0,0,0,0,11,0,0,47
Educational Visit (Y) (%),0%,0%,100%,14%,0%,0%,0%,0%,0%,13%,0%,0%,0%,0%,0%,0%,0%,0%,0%,0%,0%,0%,0%,0%,0%,0%,0%,0%,0%,0%,0%,67%,33%,5%,0%,0%,0%,,0%,,0%,0%,50%,0%,0%,33%,0%,0%,0%,9%,0%,0%,0%,0%,0%,0%,0%,0%,0%,0%,0%,0%,0%,0%,0%,0%,0%,0%,0%,,0%,0%,0%,0%,0%,0%,0%,67%,0%,7%,NA,NA,NA,NA,NA,NA,NA,NA,NA,NA,NA,NA,NA,NA,NA,NA,NA,NA,NA,NA
Baseline Assessment (Y) (%),0%,0%,0%,0%,0%,0%,0%,0%,0%,0%,0%,0%,0%,100%,0%,0%,0%,0%,0%,11%,200%,200%,400%,0%,0%,33%,100%,0%,50%,109%,67%,0%,133%,33%,0%,11%,33%,,17%,,33%,33%,100%,0%,0%,67%,0%,100%,0%,37%,0%,0%,0%,25%,0%,0%,0%,0%,0%,3%,0%,0%,0%,0%,0%,0%,0%,0%,0%,,0%,0%,0%,0%,0%,0%,0%,0%,0%,0%,NA,,NA,NA,NA,NA,NA,NA,NA,NA,NA,NA,NA,NA,NA,NA,NA,NA,NA,NA
Foundation Course (Y) (%),0%,200%,100%,14%,0%,0%,0%,0%,0%,35%,0%,0%,0%,0%,0%,0%,0%,0%,0%,0%,200%,0%,100%,0%,100%,0%,100%,0%,0%,56%,67%,100%,67%,5%,33%,0%,33%,,0%,,33%,0%,50%,0%,82%,0%,100%,100%,0%,41%,0%,0%,100%,0%,0%,0%,50%,100%,0%,28%,0%,0%,50%,0%,0%,0%,0%,100%,0%,,100%,0%,0%,0%,0%,0%,0%,67%,0%,19%,NA,NA,NA,NA,NA,NA,NA,NA,NA,NA,NA,NA,NA,NA,NA,NA,NA,NA,NA,NA
Community Survey (Y) (%),100%,100%,50%,57%,0%,33%,0%,0%,50%,43%,100%,67%,50%,0%,0%,33%,50%,0%,0%,33%,100%,33%,100%,38%,9%,67%,100%,0%,0%,50%,100%,33%,67%,32%,3%,44%,50%,,17%,,67%,0%,100%,100%,73%,0%,0%,,0%,42%,67%,0%,75%,13%,0%,0%,0%,0%,0%,17%,50%,0%,25%,0%,0%,0%,0%,0%,0%,,50%,0%,0%,0%,0%,100%,0%,0%,0%,17%,0%,0%,0%,0%,0%,100%,0%,0%,0%,11%,0%,0%,0%,0%,0%,100%,0%,50%,0%,17%
Career Oriented Courses Number),0,0,0,,0,0,0,0,0,0,0,0,0,0,0,0,0,0,0,0,0,0,0,0,1,0,0,0,0,1,0,0,0,0,0,0,0,,0,,0,0,0,1,0,0,0,0,0,0,0,0,0,0,0,0,0,0,0,0,0,0,0,0,0,0,0%,0,0,,0,0,0,0,0,0,0,0,0,0,0,0,0,0,0,0,0,0,0,0,0,0,0,0,0,0,0,0,0,0
Career Counselling (Number),0,1,1,,0,0,0,0,0,2,0,0,1,0,0,0,0,0,0,1,0,0,1,0,0,0,0,0,0,1,0,1,1,0,0,0,0,,0,,0,0,1,0,0,0,0,0,0,0,0,0,4,1,0,0,0,0,0,4.875,0,0,2,0,0,0,,0,0,,4,0,0,0,0,0,0,0,0,4,4,0,0,0,0,0,0,1,0,5,3,0,0,0,0,0,0,0,0,3
No of Exceptions Raised upto Current Month,,,,,,,,,,,,,,,,,,,,,,,,,,,,,,,,,,,,,,,,,,,,,,,,,,,,,,,,,,,,,,,,,,,,,,,,,,,,,,,,,8,25,13,29,2,3,3,22,1,12,9,23,13,31,2,4,9,22,1,13
No of Exceptions Resolved/Terminated,,,,,,,,,,,,,,,,,,,,,,,,,,,,,,,,,,,,,,,,,,,,,,,,,,,,,,,,,,,,,,,,,,,,,,,,,,,,,,,,,5,18,9,29,2,1,3,14,0,9,4,16,9,28,2,1,9,15,0,9
Exception Resolved (%),,,,,,,,,,,,,,,,,,,,,,,,,,,,,,,,,,,,,,,,,,,,,,,,,,,,,,,,,,,,,,,,,,,,,,,,,,,,,,,,,63%,72%,69%,100%,100%,33%,100%,64%,0%,67%,44%,70%,69%,90%,100%,25%,100%,68%,0%,63%
Performance  Score,,,,,,,,,,,,,,,,,,,,,,,,,,,,,,,,,,,,,,,,,,,,,,,,,,,,,,,,,,,,,,,,,,,,,,,,,,,,,,,,,,,,,,,,,,,,,,,,,,,,